{"cameraMode":{"drawMode":0,"name":"Shaded","section":"Shading Mode"},"sceneLighting":false,"audioPlay":false,"sceneViewState":{"showFog":true,"showMaterialUpdate":false,"showSkybox":false,"showFlares":true,"showImageEffects":true,"showParticleSystems":true},"in2DMode":false,"pivot":{"x":0.0,"y":-0.03500000014901161,"z":-0.019999999552965165},"rotation":{"x":0.15056195855140687,"y":0.6823294162750244,"z":-0.14672300219535829,"w":0.7001660466194153},"size":0.08500000089406967,"orthographic":false}