{"cameraMode":{"drawMode":0,"name":"Shaded","section":"Shading Mode"},"sceneLighting":false,"audioPlay":false,"sceneViewState":{"showFog":true,"showMaterialUpdate":false,"showSkybox":false,"showFlares":true,"showImageEffects":true,"showParticleSystems":true},"in2DMode":false,"pivot":{"x":0.0006070137023925781,"y":-1.958456039428711,"z":0.0},"rotation":{"x":-0.061939388513565066,"y":0.9102509021759033,"z":-0.1476520299911499,"w":-0.38184598088264468},"size":15.8295259475708,"orthographic":false}